<?xml version="1.0"?>
<doc>
    <assembly>
        <name>Globaltec-API</name>
    </assembly>
    <members>
        <member name="M:Globaltec_API.Controllers.PessoaController.GetAll">
            <summary>
            Buscar uma lista completa de Pessoas cadastradas.
            </summary>
            <returns>Lista de Pessoas.</returns>
            <response code="200">Sucesso!</response>
            <response code="401">Não Autorizado!</response>
        </member>
        <member name="M:Globaltec_API.Controllers.PessoaController.GetById(System.Int32)">
            <summary>
            Busca o cadastro de uma Pessoa de acordo com o seu Código
            </summary>
            <param name="id">Código da Pessoa</param>
            <returns>Cadastro da Pessoa</returns>
            <response code="200">Sucesso!</response>
            <response code="401">Não Autorizado!</response>
            <response code="404">Não Encontrado!</response>
        </member>
        <member name="M:Globaltec_API.Controllers.PessoaController.GetByUf(System.String)">
            <summary>
            Buscar uma lista de Pessoas de acordo com a UF cadastrada.
            </summary>
            <param name="codigo">UF de cadastro da Pessoa</param>
            <returns>Lista de Pessoas de acordo com a UF do cadastro semelhantes ao parâmetro informado.</returns>
            <response code="200">Sucesso!</response>
            <response code="401">Não Autorizado!</response>
            <response code="404">Não Encontrado!</response>
        </member>
        <member name="M:Globaltec_API.Controllers.PessoaController.Post(Globaltec_API.Models.Pessoas.PessoaDTO)">
            <summary>
            Cadastrar uma nova Pessoa.
            </summary>
            <param name="pessoaDTO">Dados da Pessoa</param>
            <returns>Cadastro criado.</returns>
            <response code="201">Sucesso</response>
            <response code="401">Não Autorizado!</response>
            <response code="500">Falha na requisição!</response>
        </member>
        <member name="M:Globaltec_API.Controllers.PessoaController.Put(System.Int32,Globaltec_API.Models.Pessoas.PessoaDTO)">
            <summary>
            Atualizar o cadastro de uma Pessoa.
            </summary>
            <param name="id">Identificador da Pessoa</param>
            <param name="pessoaDTO">Novos dados para o cadastro selecionado.</param>
            <returns>Cadastro atualizado</returns>
            <response code="200">Sucesso!</response>
            <response code="401">Não Autorizado!</response>
            <response code="404">Não Encontrado!</response>
        </member>
        <member name="M:Globaltec_API.Controllers.PessoaController.Delete(System.Int32)">
            <summary>
            Excluir um cadastro pelo seu Identificador.
            </summary>
            <param name="id">Identificador da Pessoa.</param>
            <returns>Sucesso ao excluir um cadastro de Pessoa.</returns>
            <response code="200">Sucesso!</response>
            <response code="401">Não Autorizado!</response>
            <response code="404">Não Encontrado!</response>
            <response code="500">Falha na requisição!</response>
        </member>
        <member name="M:Globaltec_API.Controllers.UsuarioController.GetById(System.Int32)">
            <summary>
            Busca o cadastro de um Usuário de acordo com o seu Código
            </summary>
            <param name="id">Código do Usuário</param>
            <returns>Cadastro do Usuário</returns>
            <response code="200">Sucesso!</response>
            <response code="401">Não Autorizado!</response>
            <response code="404">Não Encontrado!</response>
        </member>
        <member name="M:Globaltec_API.Controllers.UsuarioController.Login(Globaltec_API.Models.Usuarios.LoginDTO)">
            <summary>
            Autenticar um usuário
            </summary>
            <param name="usuarioDTO">Dados de Login</param>
            <returns>Retorna um Status OK com dados do Usuário e do Token em caso de sucesso.</returns>
            <response code="200">Sucesso!</response>
            <response code="404">Não Encontrado!</response>
        </member>
        <member name="M:Globaltec_API.Controllers.UsuarioController.Post(Globaltec_API.Models.Usuarios.UsuarioDTO)">
            <summary>
            Cadastrar um novo Usuário.
            </summary>
            <param name="usuarioDTO">Dados do Usuário</param>
            <returns>Cadastro criado.</returns>
            <response code="200">Sucesso</response>
            <response code="201">Sucesso</response>
            <response code="400">Erro de informações</response>
        </member>
        <member name="M:Globaltec_API.Controllers.UsuarioController.Put(System.Int32,Globaltec_API.Models.Usuarios.UsuarioDTO)">
            <summary>
            Atualizar o cadastro de um Usuário.
            </summary>
            <param name="id">Identificador do Usuário</param>
            <param name="usuarioDTO">Novos dados para o cadastro selecionado.</param>
            <returns>Cadastro atualizado</returns>
            <response code="204">Sucesso!</response>
            <response code="404">Não encontrado!</response>
        </member>
    </members>
</doc>
